task_id,split,category,arm,status,stop_reason,rounds,writer_calls,judge_calls,judge_successful_calls,typed_questions,input_tokens,output_tokens,cost_usd,judge_latency_ms,elapsed_ms,final_answer,exact_match,success,token_f1,error
dev-001,dev,relational_multi_hop,fixed,completed,round_cap,3,3,0,0,0,0,0,0.0,0.0,0.20758307073265314,Niko,True,True,1.0,
dev-001,dev,relational_multi_hop,mock-typed,completed,critic_approved,3,3,3,3,9,0,0,0.0,0.0,0.12504099868237972,Niko,True,True,1.0,
dev-002,dev,temporal_latest,mock-typed,completed,critic_approved,1,1,1,1,3,0,0,0.0,0.0,0.025416957214474678,Ben,True,True,1.0,
dev-002,dev,temporal_latest,fixed,completed,round_cap,3,3,0,0,0,0,0,0.0,0.0,0.04533398896455765,Ben,True,True,1.0,
dev-003,dev,negation,fixed,completed,round_cap,3,3,0,0,0,0,0,0.0,0.0,0.03970798570662737,Eri,True,True,1.0,
dev-003,dev,negation,mock-typed,completed,critic_approved,1,1,1,1,3,0,0,0.0,0.0,0.03458303399384022,Dax,False,False,0.0,
dev-004,dev,set_constraints,mock-typed,completed,critic_approved,2,2,2,2,6,0,0,0.0,0.0,0.05425000563263893,K3,True,True,1.0,
dev-004,dev,set_constraints,fixed,completed,round_cap,3,3,0,0,0,0,0,0.0,0.0,0.04299997817724943,K3,True,True,1.0,
dev-005,dev,arithmetic,fixed,completed,round_cap,3,3,0,0,0,0,0,0.0,0.0,0.03950006794184446,15,True,True,1.0,
dev-005,dev,arithmetic,mock-typed,completed,critic_approved,3,3,3,3,9,0,0,0.0,0.0,0.08570798672735691,15,True,True,1.0,
dev-006,dev,insufficient_evidence,mock-typed,completed,critic_approved,2,2,2,2,6,0,0,0.0,0.0,0.05366699770092964,UNKNOWN,True,True,1.0,
dev-006,dev,insufficient_evidence,fixed,completed,round_cap,3,3,0,0,0,0,0,0.0,0.0,0.04650000482797623,UNKNOWN,True,True,1.0,
dev-007,dev,distractors,fixed,completed,round_cap,3,3,0,0,0,0,0,0.0,0.0,0.06687501445412636,Dock West,False,False,0.5,
dev-007,dev,distractors,mock-typed,completed,round_cap,3,3,3,3,9,0,0,0.0,0.0,0.11833407916128635,Dock West,False,False,0.5,
dev-008,dev,relational_multi_hop,mock-typed,completed,critic_approved,1,1,1,1,3,0,0,0.0,0.0,0.026791938580572605,Building Cedar,True,True,1.0,
dev-008,dev,relational_multi_hop,fixed,completed,round_cap,3,3,0,0,0,0,0,0.0,0.0,0.06483308970928192,Building Elm,False,False,0.5,
